{
    "HIS": {
        "alpha": [
            5.940352013883112,
            6.3972261521391465,
            6.854100290395181
        ],
        "beta": [
            5.351621213525845,
            5.649268419594566,
            5.946915625663288
        ],
        "PAB": [
            0.6762615261477658,
            0.9486456898078178,
            1.2210298534678699
        ]
    },
    "MET": {
        "alpha": [
            4.8054257849109545,
            5.4247230016231285,
            6.0440202183353025
        ],
        "beta": [
            3.842972150276092,
            4.266365736267744,
            4.6897593222593965
        ],
        "PAB": [
            0.13392196903295017,
            0.5825118441365147,
            1.031101719240079
        ]
    },
    "TYR": {
        "alpha": [
            5.672552765883296,
            7.518120040675495,
            9.363687315467693
        ],
        "beta": [
            5.886248224879154,
            6.9549666705368285,
            8.023685116194503
        ],
        "PAB": [
            0.4392583200386445,
            1.0969067760302724,
            1.7545552320219002
        ]
    },
    "CYS": {
        "alpha": [
            3.818073367732411,
            4.1351424023079595,
            4.452211436883508
        ],
        "beta": [
            3.1259464058081656,
            3.38787914846007,
            3.649811891111974
        ],
        "PAB": [
            0.7329986174436116,
            0.8886404653121213,
            1.044282313180631
        ]
    },
    "PRO": {
        "alpha": [
            2.8932981439295284,
            3.111272535657668,
            3.3292469273858076
        ],
        "beta": [
            4.212058695809415,
            4.324890753727372,
            4.437722811645329
        ],
        "PAB": [
            2.204527509660578,
            2.3498736918179715,
            2.495219873975365
        ]
    },
    "LYS": {
        "alpha": [
            6.353608450629414,
            7.091702450413717,
            7.829796450198019
        ],
        "beta": [
            5.683966561165766,
            6.601568811102973,
            7.519171061040179
        ],
        "PAB": [
            0.5127403284416029,
            1.1176070094070392,
            1.7224736903724756
        ]
    },
    "TRP": {
        "alpha": [
            2.3675537747535107,
            4.849325725877155,
            7.3310976770008
        ],
        "beta": [
            3.5423569289192436,
            4.86973300322257,
            6.197109077525896
        ],
        "PAB": [
            0.6417063453383913,
            1.4381861767849307,
            2.23466600823147
        ]
    },
    "GLN": {
        "alpha": [
            5.861894062502321,
            5.861894062502321,
            5.861894062502321
        ],
        "beta": [
            5.0893010325583985,
            5.0893010325583985,
            5.0893010325583985
        ],
        "PAB": [
            0.9274002375262205,
            0.9274002375262205,
            0.9274002375262205
        ]
    },
    "GLU": {
        "alpha": [
            5.154713697562969,
            5.919663755421057,
            6.684613813279145
        ],
        "beta": [
            4.3552767991733585,
            5.094436545616172,
            5.833596292058985
        ],
        "PAB": [
            0.5310235834073049,
            0.8755583322057958,
            1.2200930810042867
        ]
    },
    "ARG": {
        "alpha": [
            10.147904906925367,
            10.147904906925367,
            10.147904906925367
        ],
        "beta": [
            8.887546624350275,
            8.887546624350275,
            8.887546624350275
        ],
        "PAB": [
            0.5573254680318414,
            0.5573254680318414,
            0.5573254680318414
        ]
    },
    "SER": {
        "alpha": [
            3.5199479537933636,
            3.9185390290284303,
            4.317130104263497
        ],
        "beta": [
            2.8608636774982497,
            3.0654117753171444,
            3.269959873136039
        ],
        "PAB": [
            0.5420365918877055,
            0.7994241638272742,
            1.056811735766843
        ]
    },
    "ASP": {
        "alpha": [
            5.554803933572298,
            5.600671748628506,
            5.646539563684714
        ],
        "beta": [
            4.374068858789412,
            4.429199643555943,
            4.484330428322474
        ],
        "PAB": [
            0.5875669056645112,
            0.5999634924002795,
            0.6123600791360477
        ]
    },
    "ALA": {
        "alpha": [
            4.628641880081839,
            4.712136079282407,
            4.795630278482975
        ],
        "beta": [
            4.603828713758161,
            4.790067642048216,
            4.976306570338271
        ],
        "PAB": [
            1.3884440048619575,
            1.4585166711937994,
            1.5285893375256412
        ]
    }
}