{
    "CYS": {
        "fitness": 0.1865,
        "PAB_angle": [
            0.9741621928047688,
            0.8929913150324669,
            0.05847361729688792,
            0.01215431435248756,
            0.40828229939567073,
            0.05538663757344717
        ],
        "dist_alpha": [
            0.971601372010037,
            4.112880825493281,
            0.10986253292038275,
            0.03405252850444516,
            4.369330256010166,
            0.31183937070889167
        ],
        "dist_beta": [
            0.9475486179316619,
            3.3758161942215286,
            0.09069783519153077,
            3.849515318457737e-58,
            5.4877691782265465,
            0.05251532381934314
        ]
    },
    "GLU": {
        "fitness": 0.0012,
        "PAB_angle": [
            0.8195454370761681,
            0.9234190975453115,
            0.12220184462990592,
            0.20816353822595549,
            0.7495104507646048,
            0.27740845684489673
        ],
        "dist_alpha": [
            0.9976929208182048,
            5.747808564918854,
            0.272829967436844,
            0.15922507530360708,
            6.845799000198405,
            0.27452648931132884
        ],
        "dist_beta": [
            0.611399143824211,
            4.909255080433814,
            0.3320388584045626,
            0.4188540492215952,
            5.19400489840995,
            0.5484381645223101
        ]
    },
    "HIS": {
        "fitness": 0.6595,
        "PAB_angle": [
            0.9612899015830793,
            0.9046816371176538,
            0.09636305377001755,
            0.3344467519572422,
            1.175145199306036,
            0.058085636618714465
        ],
        "dist_alpha": [
            0.3394150204191909,
            6.0863858331209375,
            0.12909110256616968,
            0.9813210501747314,
            6.484592309632582,
            0.1292921704321748
        ],
        "dist_beta": [
            0.3867351808212324,
            5.692784943668305,
            0.1281946948221979,
            0.7093921701342074,
            5.591404554455689,
            0.07012721362171974
        ]
    },
    "LYS": {
        "fitness":0.0068,
        "PAB_angle": [
            0.10625441405343401,
            0.5942971441153081,
            0.43575898630115467,
            0.9646933795126312,
            1.2577328554171616,
            0.14626849779974643
        ],
        "dist_alpha": [
            0.9965897466128731,
            7.083278402856389,
            0.16191183740238946,
            0.0937280046050269,
            7.934118154064098,
            0.2371209625807831
        ],
        "dist_beta": [
            0.062089156736939266,
            6.006561624484738,
            0.5717046892771727,
            0.9773071172449247,
            6.779510616728063,
            0.1853448150849978
        ]
    },
    "MET": {
        "fitness":0.0994,
        "PAB_angle": [
            0.8405054032081868,
            0.4070391550667861,
            0.06663059804982017,
            0.3521567881918757,
            0.702358792381515,
            0.23158022010099924
        ],
        "dist_alpha": [
            0.4565889239741127,
            5.356727319494815,
            0.3375647685775938,
            0.646206927988265,
            5.615014038767543,
            0.10051045045976338
        ],
        "dist_beta": [
            0.6026719475473569,
            4.234107982582694,
            0.07525969701181547,
            0.4050279954050226,
            4.259986023637713,
            0.16157772277102486
        ]
    },
    "PRO": {
        "fitness": 0.0005,
        "PAB_angle": [
            9.231356101170124e-09,
            0.7776317676307648,
            0.21684372469932833,
            -6.666844903195256e-08,
            0.4978893125997403,
            0.1022082509226354
        ],
        "dist_alpha": [
            0.4941052565225826,
            2.9962707751267117,
            0.07924279475509821,
            0.9948503549885185,
            3.207195844083412,
            0.09390261435886582
        ],
        "dist_beta": [
            0.3979428218948675,
            4.256156423237755,
            0.03769867337106547,
            1.005773875582017,
            4.369876439257185,
            0.03729313545730459
        ]
    },
    "SER": {
        "fitness":0.0006,
        "PAB_angle": [
            1.0004308605132701,
            0.8543242527266397,
            0.10334868396565608,
            0.3098376279609525,
            0.5358174700247882,
            0.09420123234783424
        ],
        "dist_alpha": [
            0.9977307277633869,
            3.8386967282347695,
            0.21531475308566816,
            0.3174965504999044,
            4.400705186255175,
            0.16721334809172073
        ],
        "dist_beta": [
            0.4943554563619226,
            2.942305203430721,
            0.09551657106112622,
            0.9497087830071101,
            3.146438110739776,
            0.09448319055784418
        ]
    },
    "TYR": {
        "fitness":0.0443,
        "PAB_angle": [
            0.8927624253769916,
            1.111623434905,
            0.14771050470832128,
            -0.0006373148323347754,
            0.18439878588560651,
            -0.0002262334462773967
        ],
        "dist_alpha": [
            0.7395918697902354,
            7.5675067829083,
            0.3083905557783023,
            0.3544701134810189,
            7.90254024439737,
            0.39046041629824985
        ],
        "dist_beta": [
            0.9121205079872513,
            7.006577224179107,
            0.19867276815406174,
            0.13976927618139606,
            7.273492735251379,
            0.2741681994292521
        ]
    }
}