{
    "aromatic": [
        0.8536762336879089,
        0.10706547439112517,
        0.052306177992827045,
        0.5074048254994257,
        0.20903872075585261,
        0.044774174086836975
    ],
    "hidrophobic": [
        0.9551785005014617,
        0.5703349336664998,
        0.0960150854391005,
        0.23185991661770133,
        0.337592315611801,
        0.07695318899457781
    ],
    "large_chain": [
        0.9972576343862146,
        0.6019646691231696,
        0.09198907166494164,
        0.06561784632285943,
        0.3662450397491248,
        0.0491541202506411
    ],
    "negative": [
        0.5399055429313898,
        -0.02084525986139529,
        0.08558097493278376,
        -0.08331291590660848,
        0.11794035830458517,
        0.030780537218229913
    ],
    "polar": [
        0.543987153998999,
        0.3028336988612751,
        0.04865744468531333,
        0.4475589065252014,
        0.3640622198030387,
        0.13051823568545423
    ],
    "positive": [
        0.5713096235589729,
        0.09721006805532104,
        0.03289904939014237,
        0.49348035679815,
        0.16117854330239514,
        0.06731814411118797
    ]
}