{
    "CYS": {
        "fitness": 0.1861,
        "PAB_angle": [
            0.8047242056083876,
            0.8963236841190875,
            0.06330019733588851,
            0.2082948557875535,
            0.8813069683829214,
            0.03097290589926492
        ],
        "dist_alpha": [
            0.046662235473667955,
            4.4758057289254145,
            0.07654882990282044,
            0.9946625299234687,
            4.111726938463795,
            0.11178348621874148
        ],
        "dist_beta": [
            0.9512998371906951,
            3.3740331096287934,
            0.09107562159863442,
            8.412218953976737e-119,
            6.000000513572186,
            0.09999715455798774
        ]
    },
    "GLU": {
        "fitness": 0.0013,
        "PAB_angle": [
            -9.299972335992885e-24,
            -1.9929246045684443,
            -0.23894426302599597,
            0.9560195377967652,
            0.9239724912362284,
            0.14043653684483112
        ],
        "dist_alpha": [
            0.998394472791649,
            5.770751474392111,
            0.26393780285684953,
            0.15803660389367852,
            6.850626850970544,
            0.26352547513207614
        ],
        "dist_beta": [
            0.4849831949707158,
            5.143426052790411,
            0.5280979946131243,
            0.5309189256831649,
            4.995354144999721,
            0.2630061350927014
        ]
    },
    "HIS": {
        "fitness": 0.6588,
        "PAB_angle": [
            0.3292898954767647,
            1.1759543579996674,
            -0.05750072031651497,
            0.9611378453533757,
            0.9039503046515222,
            0.096352009389882
        ],
        "dist_alpha": [
            0.9819274955006718,
            6.483569338905826,
            0.13196517912834685,
            0.32811751374222936,
            6.083679505959258,
            0.12646933461387802
        ],
        "dist_beta": [
            0.7138432814828137,
            5.595135635145883,
            0.0703160176454418,
            0.371656049797629,
            5.694467550493874,
            0.13078435641854508
        ]
    },
    "LYS": {
        "fitness": 0.0062,
        "PAB_angle": [
            0.10787118145940366,
            0.7245782655016788,
            0.4351800861491842,
            0.9491476739063894,
            1.2572671704232166,
            0.13891790813443275
        ],
        "dist_alpha": [
            132.76755726279464,
            6.872364861767489,
            0.21872733979329198,
            -132.254184373579,
            6.871142392891707,
            0.2181110990048602
        ],
        "dist_beta": [
            351.99223611768724,
            6.496935769145224,
            0.27770623913532183,
            -351.52516300524786,
            6.496347590241418,
            0.2773749810497069
        ]
    },
    "MET": {
        "fitness": 0.1017,
        "PAB_angle": [
            0.8304409621341375,
            0.40915024511578657,
            0.06716595322842263,
            0.3556193732740707,
            0.692613183355868,
            0.22821399487927382
        ],
        "dist_alpha": [
            0.5983655333047745,
            5.618052961614514,
            0.09431498829641732,
            0.5177830088290558,
            5.373252375081462,
            0.3248522882588215
        ],
        "dist_beta": [
            0.3794409158738881,
            4.2473063593361795,
            0.1739283602140457,
            0.6205895984158065,
            4.235617663123744,
            0.07736527287799834
        ]
    },
    "PRO": {
        "fitness": 0.0004,
        "PAB_angle": [
            0.9277859892860431,
            2.3716091814398723,
            0.08070674677678781,
            0.0,
            4.5,
            0.1
        ],
        "dist_alpha": [
            0.9082159583474346,
            3.1598820785871853,
            0.1256066600163926,
            0.5136253511488706,
            2.98293299352008,
            0.08169053209477585
        ],
        "dist_beta": [
            -0.04615778582518724,
            4.1436728579320246,
            0.022269416881692195,
            0.91269006853348,
            4.330867485904683,
            0.0813781656959213
        ]
    },
    "SER": {
        "fitness": 0.0005,
        "PAB_angle": [
            0.2181890687600046,
            0.5234062070095687,
            0.0947500446162333,
            1.0006745794730874,
            0.8540913334574621,
            0.10485122516856124
        ],
        "dist_alpha": [
            0.99791413342686,
            3.840083607396698,
            0.16738827726443173,
            0.21941776898247659,
            4.351588630775721,
            0.13827243967320013
        ],
        "dist_beta": [
            0.9826673030217526,
            3.079958758871656,
            0.129157782725796,
            1.9555216508437208e-72,
            8.646664310601157,
            -0.22361512787500146
        ]
    },
    "TYR": {
        "fitness": 0.0438,
        "PAB_angle": [
            0.9967971253522633,
            1.1374413787457465,
            0.10713420944730478,
            0.33689977965045176,
            0.7685134955192305,
            0.11536562402082978
        ],
        "dist_alpha": [
            1.1253562903826728,
            7.530066334606623,
            0.4362467161381612,
            -0.42516989019394547,
            7.120148944857679,
            0.30911459498509225
        ],
        "dist_beta": [
            0.9893064190414076,
            7.034061633152901,
            0.21848553619469654,
            0.04843910608216093,
            4.475605382597063,
            0.18879229475693515
        ]
    }
}