{
    "aromatic": [
        0.8626070498904423,
        0.10738660769284818,
        0.05238806759592565,
        0.4957888195750846,
        0.2102842865968674,
        0.044321935428584265
    ],
    "hidrophobic": [
        0.9550870257482554,
        0.5705272050224942,
        0.0958757858721758,
        0.22927389276537896,
        0.3406016790319572,
        -0.08058463960332092
    ],
    "large_chain": [
        0.9944857110878912,
        0.6016410589114587,
        0.09260725703725564,
        0.06427318119850642,
        0.36761528846486635,
        -0.05021020401737419
    ],
    "negative": [
        0.5064761698897516,
        0.0008147610152462135,
        0.061312702644409384,
        -0.015163638021999958,
        -0.08195610445223572,
        0.007184918578109947
    ],
    "polar": [
        0.4450089651665891,
        0.36378858240518935,
        0.131210837676024,
        0.5483990629939073,
        0.30379344802469316,
        0.04799228096112309
    ],
    "positive": [
        0.588376061071669,
        0.09646954497843144,
        0.03310781584011917,
        0.4960867638553526,
        0.1629589136638926,
        0.06607162544012703
    ]
}