{
    "angle_alpha": {
        "min": {
            "['CYS', 'HIS']": 138.01012754916582,
            "['HIS', 'HIS']": 121.90010099101322,
            "['HIS', 'LYS']": 101.0841973672375,
            "['HIS', 'MET']": 97.16119487968533,
            "['HIS', 'TYR']": 104.05441294294735,
            "['MET', 'MET']": 156.67488280411956,
            "['MET', 'TYR']": 164.77544565755204,
            "general": 116.20699691731446
        },
        "max": {
            "['CYS', 'HIS']": 158.56317944978218,
            "['HIS', 'HIS']": 179.9138631812308,
            "['HIS', 'LYS']": 190.4700790108775,
            "['HIS', 'MET']": 173.8437839568327,
            "['HIS', 'TYR']": 177.12098688797863,
            "['MET', 'MET']": 168.98852661184443,
            "['MET', 'TYR']": 175.14068331627095,
            "general": 183.64506999431754
        }
    },
    "angle_beta": {
        "min": {
            "['CYS', 'HIS']": 132.80885236225882,
            "['HIS', 'HIS']": 134.6021235442805,
            "['HIS', 'LYS']": 114.71369202787454,
            "['HIS', 'MET']": 125.03185056915578,
            "['HIS', 'TYR']": 82.8850986519073,
            "['MET', 'MET']": 170.5797976915105,
            "['MET', 'TYR']": 154.55147807717157,
            "general": 124.3290581605878
        },
        "max": {
            "['CYS', 'HIS']": 196.59019705218518,
            "['HIS', 'HIS']": 179.9161248651375,
            "['HIS', 'LYS']": 188.81592388283846,
            "['HIS', 'MET']": 172.26286477269417,
            "['HIS', 'TYR']": 181.2188788787027,
            "['MET', 'MET']": 183.6705530322815,
            "['MET', 'TYR']": 173.2745305501424,
            "general": 187.7069426389872
        }
    },
    "distance_alpha": {
        "min": {
            "['CYS', 'HIS']": 9.446186976637339,
            "['HIS', 'HIS']": 11.001483017466292,
            "['HIS', 'LYS']": 9.820323787485496,
            "['HIS', 'MET']": 9.831577689634038,
            "['HIS', 'TYR']": 8.976851346547495,
            "['MET', 'MET']": 10.670371963254663,
            "['MET', 'TYR']": 13.257797843218647,
            "general": 9.734066374514157
        },
        "max": {
            "['CYS', 'HIS']": 11.427901171111863,
            "['HIS', 'HIS']": 13.574596002588908,
            "['HIS', 'LYS']": 16.643752564906105,
            "['HIS', 'MET']": 11.907499266191664,
            "['HIS', 'TYR']": 17.530724778024904,
            "['MET', 'MET']": 11.571396581535137,
            "['MET', 'TYR']": 14.273809569090453,
            "general": 14.221252557124643
        }
    },
    "distance_beta": {
        "min": {
            "['CYS', 'HIS']": 8.412272837564561,
            "['HIS', 'HIS']": 10.329072505605657,
            "['HIS', 'LYS']": 9.159673764187433,
            "['HIS', 'MET']": 8.451328522475883,
            "['HIS', 'TYR']": 9.049027087419553,
            "['MET', 'MET']": 8.066753040778584,
            "['MET', 'TYR']": 10.792096072840168,
            "general": 8.420836956788484
        },
        "max": {
            "['CYS', 'HIS']": 9.687771140282557,
            "['HIS', 'HIS']": 11.625660378216944,
            "['HIS', 'LYS']": 13.797685610399766,
            "['HIS', 'MET']": 10.366790727759476,
            "['HIS', 'TYR']": 12.835031768286449,
            "['MET', 'MET']": 8.987973576789935,
            "['MET', 'TYR']": 11.756719900268129,
            "general": 13.198801291179315
        }
    }
}