{
    "ASP": {
        "PAB_angle": [
            0.8877813424788554,
            0.5932755207861506,
            0.02206972436223078,
            -0.4657930585079519,
            0.6173462631210499,
            0.009780920317094127
        ],
        "dist_alpha": [
            7.503556387344901e-10,
            6.836879191582757,
            0.148081881715654,
            -3.7007835612495844e-17,
            2.9999999997283338,
            0.20000000006280497
        ],
        "dist_beta": [
            0.8353462571747322,
            4.334763806596153,
            0.12721985074628825,
            -1.1559475664692823e-22,
            6.0477496850293555,
            0.14253190503832727
        ]
    },
    "CYS": {
        "fitness": 0.039,
        "PAB_angle": [
            0.3809021217346694,
            0.37653924898167895,
            0.11003697879144762,
            1.0102914677878392,
            0.866177058969014,
            0.1242952502491676
        ],
        "dist_alpha": [
            0.9525451463345487,
            4.1861622154852,
            0.1590494482440069,
            0.3589396957736218,
            4.751536285092963,
            0.282393486335764
        ],
        "dist_beta": [
            0.6050373116233194,
            3.3797084680533884,
            0.08732906043294034,
            0.5480109091443625,
            3.515050258094631,
            0.14936209665803638
        ]
    },
    "GLU": {
        "PAB_angle": [
            0.8226702839888071,
            0.9114057305835657,
            0.34090533912856075,
            -0.5023905001717136,
            1.2591465543597613,
            0.14557690914508117
        ],
        "dist_alpha": [
            1.0000531783335422,
            5.712902840038093,
            0.2668019209884527,
            0.2532341330207978,
            6.891433543885795,
            -0.2636205871158913
        ],
        "dist_beta": [
            0.6259160461413742,
            4.8353790097472515,
            0.22294742787802588,
            0.3736364808957242,
            5.032227576988268,
            0.6614745027995007
        ]
    },
    "GLY": {
        "PAB_angle": [
            0.9471410590786606,
            0.6668544446770415,
            0.43877140436213274,
            -0.26879038648790127,
            1.3438264496576904,
            0.15034131047708282
        ],
        "dist_alpha": [
            -5.037523870284429e-35,
            6.018515948012746,
            0.2580338224360812,
            0.9633964343567446,
            3.0662294391473943,
            0.16144382158676118
        ]
    },
    "HIS": {
        "fitness": 0.817,
        "PAB_angle": [
            1.0528106264337673,
            0.8894625463393584,
            0.09117485278058468,
            0.36574887227199676,
            1.1177450424119009,
            0.07418666643259345
        ],
        "dist_alpha": [
            0.29226130193302763,
            6.107173912051564,
            0.1228099168711432,
            1.0068366308785743,
            6.453001863919525,
            0.1471178077263792
        ],
        "dist_beta": [
            0.9714601113069136,
            5.604508929557747,
            0.0951763989097597,
            0.12531860496601913,
            5.792060963714678,
            0.10224415815568572
        ]
    },
    "LYS": {
        "PAB_angle": [
            0.9118173663018746,
            0.5847690890908611,
            0.32921849778015544,
            0.8823001762931636,
            1.2665221906468411,
            0.1996848897899262
        ],
        "dist_alpha": [
            0.999033744313642,
            7.017512245792527,
            -0.25844137465842504,
            0.29324819050039924,
            8.112291495202188,
            0.23189556304563438
        ]
    },
    "MET": {
        "fitness": 0.080,
        "PAB_angle": [
            0.8789854539532689,
            0.5859795470017132,
            0.15985490671719557,
            0.6140139861829549,
            0.9327615143844176,
            0.15724036123443771
        ],
        "dist_alpha": [
            0.9169120359703726,
            5.300600823680218,
            0.24142019287187982,
            0.2531697561183924,
            5.954503206531515,
            0.11252256898348895
        ],
        "dist_beta": [
            0.9789000144901939,
            4.172873448281055,
            0.1735463110083731,
            0.38359518831804645,
            4.784255061156642,
            0.17135861821435555
        ]
    },
    "PRO": {
        "PAB_angle": [
            0.9672041719770652,
            2.2347938267015826,
            0.04194870596167487,
            -0.27465513501229377,
            2.170081967540184,
            0.014373422746810102
        ],
        "dist_alpha": [
            -1.970237578883229e-104,
            6.000014371063255,
            0.30075978609203907,
            0.9638405497450258,
            3.254010573737977,
            0.038442731554632834
        ]
    },
    "TYR": {
        "fitness": 0.033,
        "PAB_angle": [
            0.9925613518942038,
            0.7981488080378075,
            0.3036270710796006,
            0.1740914036110096,
            2.5047941775039275,
            0.2509179268032326
        ],
        "dist_alpha": [
            0.14975075747974523,
            3.1087860165889594,
            0.6804078831255532,
            0.9998630390946402,
            7.937342874910899,
            0.7054065598623549
        ],
        "dist_beta": [
            0.15882512839172536,
            4.42982335594899,
            0.36631895145304494,
            0.9990144411405538,
            6.985334137728688,
            0.40292866393884447
        ]
    }
}