{
    "aromatic": [
        0.24778818089273566,
        0.05441603342186914,
        0.037812687623543714,
        0.8869513723510739,
        0.11577251750309196,
        0.07914823010708301
    ],
    "hidrophobic": [
        0.8898350175181674,
        0.3800104601623894,
        0.12065732712164821,
        0.37335149003389034,
        0.5608608435067094,
        0.10696088922905493
    ],
    "large_chain": [
        1.0186599202734765,
        0.5154531946255445,
        0.10798417052250875,
        0.2987134331664813,
        0.7304583133176833,
        0.08057671648820991
    ],
    "negative": [
        0.8126971336064381,
        0.016817800408665592,
        0.07136003554746499,
        0.2563746907645671,
        0.048902244554680854,
        0.010860711120994505
    ],
    "polar": [
        0.41415440825814925,
        0.28212566382443277,
        0.07506151174921823,
        0.9821605663845889,
        0.47607723808614244,
        0.12089994549605779
    ],
    "positive": [
        0.10260645068606815,
        0.33348411106132186,
        0.02335056290902776,
        1.0051736915540008,
        0.1770655349903028,
        0.07138992151268607
    ]
}